Country,REF_AREA,Indicator,Time period,Infant Mortality Rate
Afghanistan,AFG, Infant mortality rate,2000,90.56181642
Afghanistan,AFG, Infant mortality rate,2005,77.41226387
Afghanistan,AFG, Infant mortality rate,2010,64.20548787
Afghanistan,AFG, Infant mortality rate,2015,52.99673551
Afghanistan,AFG, Infant mortality rate,2017,49.37855761
Afghanistan,AFG, Infant mortality rate,2019,46.27563445
Angola,AGO, Infant mortality rate,2000,121.8909018
Angola,AGO, Infant mortality rate,2005,100.9522988
Angola,AGO, Infant mortality rate,2010,75.70461275
Angola,AGO, Infant mortality rate,2015,57.89454035
Angola,AGO, Infant mortality rate,2017,53.79304399
Angola,AGO, Infant mortality rate,2019,50.38164511
Albania,ALB, Infant mortality rate,2000,24.07883972
Albania,ALB, Infant mortality rate,2005,17.84291158
Albania,ALB, Infant mortality rate,2010,11.86517721
Albania,ALB, Infant mortality rate,2015,8.520094824
Albania,ALB, Infant mortality rate,2017,8.305000031
Albania,ALB, Infant mortality rate,2019,8.350979465
United Arab Emirates,ARE, Infant mortality rate,2000,9.579452028
United Arab Emirates,ARE, Infant mortality rate,2005,8.423940913
United Arab Emirates,ARE, Infant mortality rate,2010,7.412115957
United Arab Emirates,ARE, Infant mortality rate,2015,6.506168821
United Arab Emirates,ARE, Infant mortality rate,2017,6.166133154
United Arab Emirates,ARE, Infant mortality rate,2019,5.80330766
Argentina,ARG, Infant mortality rate,2000,17.57510325
Argentina,ARG, Infant mortality rate,2005,14.82349316
Argentina,ARG, Infant mortality rate,2010,12.93416073
Argentina,ARG, Infant mortality rate,2015,10.33236564
Argentina,ARG, Infant mortality rate,2017,9.125518289
Argentina,ARG, Infant mortality rate,2019,7.628570096
Armenia,ARM, Infant mortality rate,2000,27.00641538
Armenia,ARM, Infant mortality rate,2005,21.24980987
Armenia,ARM, Infant mortality rate,2010,16.56904912
Armenia,ARM, Infant mortality rate,2015,12.87222907
Armenia,ARM, Infant mortality rate,2017,11.64495506
Armenia,ARM, Infant mortality rate,2019,10.54229897
Antigua and Barbuda,ATG, Infant mortality rate,2000,12.59570667
Antigua and Barbuda,ATG, Infant mortality rate,2005,10.6043572
Antigua and Barbuda,ATG, Infant mortality rate,2010,8.328193968
Antigua and Barbuda,ATG, Infant mortality rate,2015,6.481034861
Antigua and Barbuda,ATG, Infant mortality rate,2017,5.965403361
Antigua and Barbuda,ATG, Infant mortality rate,2019,5.533211036
Australia,AUS, Infant mortality rate,2000,5.115718447
Australia,AUS, Infant mortality rate,2005,4.761803293
Australia,AUS, Infant mortality rate,2010,3.994606726
Australia,AUS, Infant mortality rate,2015,3.267467516
Australia,AUS, Infant mortality rate,2017,3.195800759
Australia,AUS, Infant mortality rate,2019,3.186209406
Austria,AUT, Infant mortality rate,2000,4.59385709
Austria,AUT, Infant mortality rate,2005,4.066597452
Austria,AUT, Infant mortality rate,2010,3.584160321
Austria,AUT, Infant mortality rate,2015,3.019665604
Austria,AUT, Infant mortality rate,2017,2.93130032
Austria,AUT, Infant mortality rate,2019,2.935279623
Azerbaijan,AZE, Infant mortality rate,2000,61.05018027
Azerbaijan,AZE, Infant mortality rate,2005,44.22368488
Azerbaijan,AZE, Infant mortality rate,2010,32.50096707
Azerbaijan,AZE, Infant mortality rate,2015,23.33240262
Azerbaijan,AZE, Infant mortality rate,2017,20.37525481
Azerbaijan,AZE, Infant mortality rate,2019,18.22555641
Burundi,BDI, Infant mortality rate,2000,94.72624623
Burundi,BDI, Infant mortality rate,2005,78.33258263
Burundi,BDI, Infant mortality rate,2010,59.42146
Burundi,BDI, Infant mortality rate,2015,46.29550234
Burundi,BDI, Infant mortality rate,2017,42.86511162
Burundi,BDI, Infant mortality rate,2019,40.0082503
Belgium,BEL, Infant mortality rate,2000,4.848586581
Belgium,BEL, Infant mortality rate,2005,4.152097055
Belgium,BEL, Infant mortality rate,2010,3.670190808
Belgium,BEL, Infant mortality rate,2015,3.358890362
Belgium,BEL, Infant mortality rate,2017,3.350858178
Belgium,BEL, Infant mortality rate,2019,3.384948948
Benin,BEN, Infant mortality rate,2000,85.03280692
Benin,BEN, Infant mortality rate,2005,76.60998833
Benin,BEN, Infant mortality rate,2010,69.64591326
Benin,BEN, Infant mortality rate,2015,63.29496521
Benin,BEN, Infant mortality rate,2017,60.79223868
Benin,BEN, Infant mortality rate,2019,58.04646144
Burkina Faso,BFA, Infant mortality rate,2000,90.7984849
Burkina Faso,BFA, Infant mortality rate,2005,80.62920979
Burkina Faso,BFA, Infant mortality rate,2010,68.31639005
Burkina Faso,BFA, Infant mortality rate,2015,59.72290254
Burkina Faso,BFA, Infant mortality rate,2017,56.93593019
Burkina Faso,BFA, Infant mortality rate,2019,54.23572645
Bangladesh,BGD, Infant mortality rate,2000,63.10614773
Bangladesh,BGD, Infant mortality rate,2005,49.34970623
Bangladesh,BGD, Infant mortality rate,2010,38.90367262
Bangladesh,BGD, Infant mortality rate,2015,30.95872452
Bangladesh,BGD, Infant mortality rate,2017,28.10199844
Bangladesh,BGD, Infant mortality rate,2019,25.33868253
Bulgaria,BGR, Infant mortality rate,2000,14.27577596
Bulgaria,BGR, Infant mortality rate,2005,11.04084859
Bulgaria,BGR, Infant mortality rate,2010,9.067120488
Bulgaria,BGR, Infant mortality rate,2015,6.810384395
Bulgaria,BGR, Infant mortality rate,2017,6.120192747
Bulgaria,BGR, Infant mortality rate,2019,5.590368087
Bahrain,BHR, Infant mortality rate,2000,10.74089594
Bahrain,BHR, Infant mortality rate,2005,9.140676071
Bahrain,BHR, Infant mortality rate,2010,7.252310494
Bahrain,BHR, Infant mortality rate,2015,6.360429067
Bahrain,BHR, Infant mortality rate,2017,6.211434259
Bahrain,BHR, Infant mortality rate,2019,6.084532993
Bahamas,BHS, Infant mortality rate,2000,13.96282185
Bahamas,BHS, Infant mortality rate,2005,14.53226439
Bahamas,BHS, Infant mortality rate,2010,13.30767001
Bahamas,BHS, Infant mortality rate,2015,12.03964551
Bahamas,BHS, Infant mortality rate,2017,11.78994091
Bahamas,BHS, Infant mortality rate,2019,15.37922641
Bosnia and Herzegovina,BIH, Infant mortality rate,2000,8.688718725
Bosnia and Herzegovina,BIH, Infant mortality rate,2005,7.757228246
Bosnia and Herzegovina,BIH, Infant mortality rate,2010,6.262371738
Bosnia and Herzegovina,BIH, Infant mortality rate,2015,5.428151337
Bosnia and Herzegovina,BIH, Infant mortality rate,2017,5.285635178
Bosnia and Herzegovina,BIH, Infant mortality rate,2019,5.08599186
Belarus,BLR, Infant mortality rate,2000,9.956800344
Belarus,BLR, Infant mortality rate,2005,6.728127907
Belarus,BLR, Infant mortality rate,2010,4.259719069
Belarus,BLR, Infant mortality rate,2015,3.097728566
Belarus,BLR, Infant mortality rate,2017,2.734280095
Belarus,BLR, Infant mortality rate,2019,2.358292008
Belize,BLZ, Infant mortality rate,2000,20.02633796
Belize,BLZ, Infant mortality rate,2005,17.85414557
Belize,BLZ, Infant mortality rate,2010,16.22030079
Belize,BLZ, Infant mortality rate,2015,13.17967708
Belize,BLZ, Infant mortality rate,2017,11.81835351
Belize,BLZ, Infant mortality rate,2019,10.58288338
Bolivia,BOL, Infant mortality rate,2000,55.84943376
Bolivia,BOL, Infant mortality rate,2005,43.18302148
Bolivia,BOL, Infant mortality rate,2010,33.16460155
Bolivia,BOL, Infant mortality rate,2015,25.59076487
Bolivia,BOL, Infant mortality rate,2017,23.4973397
Bolivia,BOL, Infant mortality rate,2019,21.67929559
Brazil,BRA, Infant mortality rate,2000,30.38776712
Brazil,BRA, Infant mortality rate,2005,22.0387121
Brazil,BRA, Infant mortality rate,2010,16.65836924
Brazil,BRA, Infant mortality rate,2015,14.25288838
Brazil,BRA, Infant mortality rate,2017,13.75396235
Brazil,BRA, Infant mortality rate,2019,13.35018234
Barbados,BRB, Infant mortality rate,2000,13.76337962
Barbados,BRB, Infant mortality rate,2005,14.40114461
Barbados,BRB, Infant mortality rate,2010,13.82028422
Barbados,BRB, Infant mortality rate,2015,13.0371732
Barbados,BRB, Infant mortality rate,2017,12.45630732
Barbados,BRB, Infant mortality rate,2019,11.74859456
Brunei,BRN, Infant mortality rate,2000,8.218439853
Brunei,BRN, Infant mortality rate,2005,7.65582837
Brunei,BRN, Infant mortality rate,2010,7.930844762
Brunei,BRN, Infant mortality rate,2015,8.777986442
Brunei,BRN, Infant mortality rate,2017,9.173899025
Brunei,BRN, Infant mortality rate,2019,9.539862735
Bhutan,BTN, Infant mortality rate,2000,57.39553994
Bhutan,BTN, Infant mortality rate,2005,44.68490246
Bhutan,BTN, Infant mortality rate,2010,34.11118827
Bhutan,BTN, Infant mortality rate,2015,27.44084965
Bhutan,BTN, Infant mortality rate,2017,25.50558827
Bhutan,BTN, Infant mortality rate,2019,23.87407608
Botswana,BWA, Infant mortality rate,2000,35.14217093
Botswana,BWA, Infant mortality rate,2005,41.35492748
Botswana,BWA, Infant mortality rate,2010,48.26142488
Botswana,BWA, Infant mortality rate,2015,36.58741651
Botswana,BWA, Infant mortality rate,2017,32.25205192
Botswana,BWA, Infant mortality rate,2019,29.91979853
Central African Republic,CAF, Infant mortality rate,2000,108.5054381
Central African Republic,CAF, Infant mortality rate,2005,100.4957567
Central African Republic,CAF, Infant mortality rate,2010,91.06846549
Central African Republic,CAF, Infant mortality rate,2015,83.69680798
Central African Republic,CAF, Infant mortality rate,2017,81.6586126
Central African Republic,CAF, Infant mortality rate,2019,78.63854675
Canada,CAN, Infant mortality rate,2000,5.26957283
Canada,CAN, Infant mortality rate,2005,5.230096782
Canada,CAN, Infant mortality rate,2010,4.959890888
Canada,CAN, Infant mortality rate,2015,4.695193261
Canada,CAN, Infant mortality rate,2017,4.612694685
Canada,CAN, Infant mortality rate,2019,4.533597484
Switzerland,CHE, Infant mortality rate,2000,4.684635637
Switzerland,CHE, Infant mortality rate,2005,4.273816512
Switzerland,CHE, Infant mortality rate,2010,3.915912112
Switzerland,CHE, Infant mortality rate,2015,3.734401482
Switzerland,CHE, Infant mortality rate,2017,3.621104143
Switzerland,CHE, Infant mortality rate,2019,3.500518912
Chile,CHL, Infant mortality rate,2000,9.248197074
Chile,CHL, Infant mortality rate,2005,7.740444382
Chile,CHL, Infant mortality rate,2010,7.420158316
Chile,CHL, Infant mortality rate,2015,6.803213274
Chile,CHL, Infant mortality rate,2017,6.509907191
Chile,CHL, Infant mortality rate,2019,6.119223599
China,CHN, Infant mortality rate,2000,29.98969917
China,CHN, Infant mortality rate,2005,19.47560127
China,CHN, Infant mortality rate,2010,12.50486265
China,CHN, Infant mortality rate,2015,8.223459495
China,CHN, Infant mortality rate,2017,6.958613812
China,CHN, Infant mortality rate,2019,5.91364014
Ivory Coast,CIV, Infant mortality rate,2000,95.60535754
Ivory Coast,CIV, Infant mortality rate,2005,85.53159832
Ivory Coast,CIV, Infant mortality rate,2010,74.87560523
Ivory Coast,CIV, Infant mortality rate,2015,65.55830276
Ivory Coast,CIV, Infant mortality rate,2017,62.58851204
Ivory Coast,CIV, Infant mortality rate,2019,59.02251648
Cameroon,CMR, Infant mortality rate,2000,87.72085975
Cameroon,CMR, Infant mortality rate,2005,78.22109165
Cameroon,CMR, Infant mortality rate,2010,68.58483367
Cameroon,CMR, Infant mortality rate,2015,57.08877937
Cameroon,CMR, Infant mortality rate,2017,53.24412977
Cameroon,CMR, Infant mortality rate,2019,50.1120865
"Congo, the Democratic Republic of the",COD, Infant mortality rate,2000,106.9287833
"Congo, the Democratic Republic of the",COD, Infant mortality rate,2005,95.55269367
"Congo, the Democratic Republic of the",COD, Infant mortality rate,2010,83.94054736
"Congo, the Democratic Republic of the",COD, Infant mortality rate,2015,73.36038534
"Congo, the Democratic Republic of the",COD, Infant mortality rate,2017,69.53324715
"Congo, the Democratic Republic of the",COD, Infant mortality rate,2019,65.85948837
Congo,COG, Infant mortality rate,2000,72.09863964
Congo,COG, Infant mortality rate,2005,56.83433426
Congo,COG, Infant mortality rate,2010,43.22874362
Congo,COG, Infant mortality rate,2015,37.73003323
Congo,COG, Infant mortality rate,2017,35.73245199
Congo,COG, Infant mortality rate,2019,35.85529519
Colombia,COL, Infant mortality rate,2000,21.18051296
Colombia,COL, Infant mortality rate,2005,18.34219646
Colombia,COL, Infant mortality rate,2010,15.75946622
Colombia,COL, Infant mortality rate,2015,13.41705174
Colombia,COL, Infant mortality rate,2017,12.57927798
Colombia,COL, Infant mortality rate,2019,11.80983368
Comoros,COM, Infant mortality rate,2000,69.64805299
Comoros,COM, Infant mortality rate,2005,62.26193618
Comoros,COM, Infant mortality rate,2010,54.59037087
Comoros,COM, Infant mortality rate,2015,47.17274013
Comoros,COM, Infant mortality rate,2017,44.25245738
Comoros,COM, Infant mortality rate,2019,41.616122
Cape Verde,CPV, Infant mortality rate,2000,31.04461328
Cape Verde,CPV, Infant mortality rate,2005,23.49813807
Cape Verde,CPV, Infant mortality rate,2010,22.27934133
Cape Verde,CPV, Infant mortality rate,2015,16.88007465
Cape Verde,CPV, Infant mortality rate,2017,14.60596634
Cape Verde,CPV, Infant mortality rate,2019,12.89749604
Costa Rica,CRI, Infant mortality rate,2000,11.1252183
Costa Rica,CRI, Infant mortality rate,2005,9.876236696
Costa Rica,CRI, Infant mortality rate,2010,9.136548993
Costa Rica,CRI, Infant mortality rate,2015,7.696994992
Costa Rica,CRI, Infant mortality rate,2017,7.530920619
Costa Rica,CRI, Infant mortality rate,2019,7.166357217
Cuba,CUB, Infant mortality rate,2000,7.020828247
Cuba,CUB, Infant mortality rate,2005,5.885320382
Cuba,CUB, Infant mortality rate,2010,5.074495201
Cuba,CUB, Infant mortality rate,2015,4.508483466
Cuba,CUB, Infant mortality rate,2017,4.333281546
Cuba,CUB, Infant mortality rate,2019,4.164931011
Cyprus,CYP, Infant mortality rate,2000,5.68694222
Cyprus,CYP, Infant mortality rate,2005,3.961021412
Cyprus,CYP, Infant mortality rate,2010,2.932177437
Cyprus,CYP, Infant mortality rate,2015,2.328284989
Cyprus,CYP, Infant mortality rate,2017,2.274160602
Cyprus,CYP, Infant mortality rate,2019,2.308447978
Czech Republic,CZE, Infant mortality rate,2000,4.495639133
Czech Republic,CZE, Infant mortality rate,2005,3.54193882
Czech Republic,CZE, Infant mortality rate,2010,2.732351374
Czech Republic,CZE, Infant mortality rate,2015,2.548030406
Czech Republic,CZE, Infant mortality rate,2017,2.555214632
Czech Republic,CZE, Infant mortality rate,2019,2.426002731
Germany,DEU, Infant mortality rate,2000,4.380077496
Germany,DEU, Infant mortality rate,2005,3.899911081
Germany,DEU, Infant mortality rate,2010,3.474834763
Germany,DEU, Infant mortality rate,2015,3.306955045
Germany,DEU, Infant mortality rate,2017,3.259162889
Germany,DEU, Infant mortality rate,2019,3.15922177
Djibouti,DJI, Infant mortality rate,2000,79.59481121
Djibouti,DJI, Infant mortality rate,2005,71.11189597
Djibouti,DJI, Infant mortality rate,2010,62.45476354
Djibouti,DJI, Infant mortality rate,2015,54.4822824
Djibouti,DJI, Infant mortality rate,2017,51.72839607
Djibouti,DJI, Infant mortality rate,2019,48.74561059
Denmark,DNK, Infant mortality rate,2000,4.681399071
Denmark,DNK, Infant mortality rate,2005,4.054741638
Denmark,DNK, Infant mortality rate,2010,3.494049419
Denmark,DNK, Infant mortality rate,2015,3.494552413
Denmark,DNK, Infant mortality rate,2017,3.414870556
Denmark,DNK, Infant mortality rate,2019,3.26668124
Dominican Republic,DOM, Infant mortality rate,2000,32.46342339
Dominican Republic,DOM, Infant mortality rate,2005,29.87625799
Dominican Republic,DOM, Infant mortality rate,2010,28.96568414
Dominican Republic,DOM, Infant mortality rate,2015,28.85914496
Dominican Republic,DOM, Infant mortality rate,2017,28.83098823
Dominican Republic,DOM, Infant mortality rate,2019,28.30675581
Algeria,DZA, Infant mortality rate,2000,35.5891116
Algeria,DZA, Infant mortality rate,2005,28.99928237
Algeria,DZA, Infant mortality rate,2010,23.88648751
Algeria,DZA, Infant mortality rate,2015,21.72279666
Algeria,DZA, Infant mortality rate,2017,21.01376763
Algeria,DZA, Infant mortality rate,2019,20.12342841
Ecuador,ECU, Infant mortality rate,2000,24.72692592
Ecuador,ECU, Infant mortality rate,2005,19.95252021
Ecuador,ECU, Infant mortality rate,2010,16.25162112
Ecuador,ECU, Infant mortality rate,2015,13.2204631
Ecuador,ECU, Infant mortality rate,2017,12.35171517
Ecuador,ECU, Infant mortality rate,2019,11.5450235
Egypt,EGY, Infant mortality rate,2000,37.18670539
Egypt,EGY, Infant mortality rate,2005,29.42355745
Egypt,EGY, Infant mortality rate,2010,24.07798318
Egypt,EGY, Infant mortality rate,2015,19.87897912
Egypt,EGY, Infant mortality rate,2017,18.56167215
Egypt,EGY, Infant mortality rate,2019,17.33444824
Eritrea,ERI, Infant mortality rate,2000,56.28303779
Eritrea,ERI, Infant mortality rate,2005,46.1602811
Eritrea,ERI, Infant mortality rate,2010,39.12943257
Eritrea,ERI, Infant mortality rate,2015,34.03227494
Eritrea,ERI, Infant mortality rate,2017,32.23544102
Eritrea,ERI, Infant mortality rate,2019,30.52895651
Spain,ESP, Infant mortality rate,2000,4.351094305
Spain,ESP, Infant mortality rate,2005,3.830301685
Spain,ESP, Infant mortality rate,2010,3.152700688
Spain,ESP, Infant mortality rate,2015,2.753842673
Spain,ESP, Infant mortality rate,2017,2.706196714
Spain,ESP, Infant mortality rate,2019,2.65513406
Estonia,EST, Infant mortality rate,2000,8.716564231
Estonia,EST, Infant mortality rate,2005,5.628258376
Estonia,EST, Infant mortality rate,2010,3.603122574
Estonia,EST, Infant mortality rate,2015,2.431372716
Estonia,EST, Infant mortality rate,2017,2.083778475
Estonia,EST, Infant mortality rate,2019,1.783415783
Ethiopia,ETH, Infant mortality rate,2000,87.03257275
Ethiopia,ETH, Infant mortality rate,2005,69.50505327
Ethiopia,ETH, Infant mortality rate,2010,54.35114923
Ethiopia,ETH, Infant mortality rate,2015,43.22402008
Ethiopia,ETH, Infant mortality rate,2017,39.56581877
Ethiopia,ETH, Infant mortality rate,2019,36.61776987
Finland,FIN, Infant mortality rate,2000,3.522595098
Finland,FIN, Infant mortality rate,2005,3.07754251
Finland,FIN, Infant mortality rate,2010,2.480597361
Finland,FIN, Infant mortality rate,2015,2.04036402
Finland,FIN, Infant mortality rate,2017,1.946748337
Finland,FIN, Infant mortality rate,2019,1.866001409
Fiji,FJI, Infant mortality rate,2000,19.21395062
Fiji,FJI, Infant mortality rate,2005,19.75556859
Fiji,FJI, Infant mortality rate,2010,20.11461958
Fiji,FJI, Infant mortality rate,2015,20.71881203
Fiji,FJI, Infant mortality rate,2017,21.60906596
Fiji,FJI, Infant mortality rate,2019,22.64817685
France,FRA, Infant mortality rate,2000,4.091866525
France,FRA, Infant mortality rate,2005,3.332046798
France,FRA, Infant mortality rate,2010,3.113168943
France,FRA, Infant mortality rate,2015,3.178166691
France,FRA, Infant mortality rate,2017,3.302743788
France,FRA, Infant mortality rate,2019,3.413132278
"Micronesia, Federated States of",FSM, Infant mortality rate,2000,31.31435948
"Micronesia, Federated States of",FSM, Infant mortality rate,2005,29.52709074
"Micronesia, Federated States of",FSM, Infant mortality rate,2010,28.41955329
"Micronesia, Federated States of",FSM, Infant mortality rate,2015,25.14643619
"Micronesia, Federated States of",FSM, Infant mortality rate,2017,23.62953798
"Micronesia, Federated States of",FSM, Infant mortality rate,2019,22.23189517
Gabon,GAB, Infant mortality rate,2000,53.66195423
Gabon,GAB, Infant mortality rate,2005,47.79212725
Gabon,GAB, Infant mortality rate,2010,41.45427879
Gabon,GAB, Infant mortality rate,2015,35.31667259
Gabon,GAB, Infant mortality rate,2017,33.24068549
Gabon,GAB, Infant mortality rate,2019,31.15030434
United Kingdom,GBR, Infant mortality rate,2000,5.560811384
United Kingdom,GBR, Infant mortality rate,2005,5.149431619
United Kingdom,GBR, Infant mortality rate,2010,4.432348961
United Kingdom,GBR, Infant mortality rate,2015,3.867277222
United Kingdom,GBR, Infant mortality rate,2017,3.814975541
United Kingdom,GBR, Infant mortality rate,2019,3.758062616
Georgia,GEO, Infant mortality rate,2000,32.078898
Georgia,GEO, Infant mortality rate,2005,21.04512329
Georgia,GEO, Infant mortality rate,2010,12.63813205
Georgia,GEO, Infant mortality rate,2015,9.34258201
Georgia,GEO, Infant mortality rate,2017,8.902704296
Georgia,GEO, Infant mortality rate,2019,8.631382022
Ghana,GHA, Infant mortality rate,2000,64.55240765
Ghana,GHA, Infant mortality rate,2005,55.17352551
Ghana,GHA, Infant mortality rate,2010,47.40450487
Ghana,GHA, Infant mortality rate,2015,39.22327672
Ghana,GHA, Infant mortality rate,2017,36.71255644
Ghana,GHA, Infant mortality rate,2019,34.50781455
Guinea,GIN, Infant mortality rate,2000,100.6237916
Guinea,GIN, Infant mortality rate,2005,85.27212878
Guinea,GIN, Infant mortality rate,2010,76.78148314
Guinea,GIN, Infant mortality rate,2015,71.88371506
Guinea,GIN, Infant mortality rate,2017,69.18433486
Guinea,GIN, Infant mortality rate,2019,66.75972753
Gambia,GMB, Infant mortality rate,2000,61.72031317
Gambia,GMB, Infant mortality rate,2005,53.24429175
Gambia,GMB, Infant mortality rate,2010,45.91374485
Gambia,GMB, Infant mortality rate,2015,39.82677762
Gambia,GMB, Infant mortality rate,2017,37.68819122
Gambia,GMB, Infant mortality rate,2019,35.77847056
Guinea-Bissau,GNB, Infant mortality rate,2000,105.3450379
Guinea-Bissau,GNB, Infant mortality rate,2005,89.61954835
Guinea-Bissau,GNB, Infant mortality rate,2010,72.56750779
Guinea-Bissau,GNB, Infant mortality rate,2015,59.88702835
Guinea-Bissau,GNB, Infant mortality rate,2017,56.27639027
Guinea-Bissau,GNB, Infant mortality rate,2019,52.91667407
Equatorial Guinea,GNQ, Infant mortality rate,2000,106.929863
Equatorial Guinea,GNQ, Infant mortality rate,2005,93.15879665
Equatorial Guinea,GNQ, Infant mortality rate,2010,79.13465511
Equatorial Guinea,GNQ, Infant mortality rate,2015,67.98216089
Equatorial Guinea,GNQ, Infant mortality rate,2017,64.09730527
Equatorial Guinea,GNQ, Infant mortality rate,2019,60.43909543
Greece,GRC, Infant mortality rate,2000,5.617308323
Greece,GRC, Infant mortality rate,2005,4.007256923
Greece,GRC, Infant mortality rate,2010,3.423997205
Greece,GRC, Infant mortality rate,2015,3.839514846
Greece,GRC, Infant mortality rate,2017,3.805220135
Greece,GRC, Infant mortality rate,2019,3.539709671
Grenada,GRD, Infant mortality rate,2000,12.84610028
Grenada,GRD, Infant mortality rate,2005,12.86319734
Grenada,GRD, Infant mortality rate,2010,13.33455772
Grenada,GRD, Infant mortality rate,2015,14.21606476
Grenada,GRD, Infant mortality rate,2017,14.47116885
Grenada,GRD, Infant mortality rate,2019,14.60846222
Guatemala,GTM, Infant mortality rate,2000,40.96201533
Guatemala,GTM, Infant mortality rate,2005,34.35580424
Guatemala,GTM, Infant mortality rate,2010,28.66948381
Guatemala,GTM, Infant mortality rate,2015,23.77365905
Guatemala,GTM, Infant mortality rate,2017,22.18816882
Guatemala,GTM, Infant mortality rate,2019,20.78726034
Guyana,GUY, Infant mortality rate,2000,37.11705537
Guyana,GUY, Infant mortality rate,2005,33.42119817
Guyana,GUY, Infant mortality rate,2010,30.50903415
Guyana,GUY, Infant mortality rate,2015,27.37576639
Guyana,GUY, Infant mortality rate,2017,25.98609982
Guyana,GUY, Infant mortality rate,2019,24.57697826
Honduras,HND, Infant mortality rate,2000,30.58461703
Honduras,HND, Infant mortality rate,2005,25.05039678
Honduras,HND, Infant mortality rate,2010,20.85815214
Honduras,HND, Infant mortality rate,2015,17.52200074
Honduras,HND, Infant mortality rate,2017,16.31986656
Honduras,HND, Infant mortality rate,2019,15.24604384
Croatia,HRV, Infant mortality rate,2000,7.15901473
Croatia,HRV, Infant mortality rate,2005,5.765107675
Croatia,HRV, Infant mortality rate,2010,4.676220867
Croatia,HRV, Infant mortality rate,2015,4.183496077
Croatia,HRV, Infant mortality rate,2017,4.082962177
Croatia,HRV, Infant mortality rate,2019,3.998829569
Haiti,HTI, Infant mortality rate,2000,74.43774861
Haiti,HTI, Infant mortality rate,2005,65.32407886
Haiti,HTI, Infant mortality rate,2010,76.33792148
Haiti,HTI, Infant mortality rate,2015,52.96862088
Haiti,HTI, Infant mortality rate,2017,50.52001136
Haiti,HTI, Infant mortality rate,2019,48.01522232
Hungary,HUN, Infant mortality rate,2000,8.675547145
Hungary,HUN, Infant mortality rate,2005,6.404707514
Hungary,HUN, Infant mortality rate,2010,5.066325123
Hungary,HUN, Infant mortality rate,2015,4.237297483
Hungary,HUN, Infant mortality rate,2017,3.713090732
Hungary,HUN, Infant mortality rate,2019,3.425256878
Indonesia,IDN, Infant mortality rate,2000,41.03462735
Indonesia,IDN, Infant mortality rate,2005,33.6165287
Indonesia,IDN, Infant mortality rate,2010,27.93530766
Indonesia,IDN, Infant mortality rate,2015,23.2227457
Indonesia,IDN, Infant mortality rate,2017,21.58160392
Indonesia,IDN, Infant mortality rate,2019,20.13810005
India,IND, Infant mortality rate,2000,66.65378407
India,IND, Infant mortality rate,2005,55.67199067
India,IND, Infant mortality rate,2010,45.05235156
India,IND, Infant mortality rate,2015,34.97638214
India,IND, Infant mortality rate,2017,31.4609387
India,IND, Infant mortality rate,2019,28.29787281
Ireland,IRL, Infant mortality rate,2000,5.978194019
Ireland,IRL, Infant mortality rate,2005,4.376890077
Ireland,IRL, Infant mortality rate,2010,3.54512385
Ireland,IRL, Infant mortality rate,2015,3.183896501
Ireland,IRL, Infant mortality rate,2017,3.022475861
Ireland,IRL, Infant mortality rate,2019,2.873115433
"Iran, Islamic Republic of",IRN, Infant mortality rate,2000,29.5818955
"Iran, Islamic Republic of",IRN, Infant mortality rate,2005,22.17063784
"Iran, Islamic Republic of",IRN, Infant mortality rate,2010,16.52582173
"Iran, Islamic Republic of",IRN, Infant mortality rate,2015,13.36266602
"Iran, Islamic Republic of",IRN, Infant mortality rate,2017,12.4459728
"Iran, Islamic Republic of",IRN, Infant mortality rate,2019,11.61701242
Iraq,IRQ, Infant mortality rate,2000,35.60263098
Iraq,IRQ, Infant mortality rate,2005,32.4462682
Iraq,IRQ, Infant mortality rate,2010,28.71250768
Iraq,IRQ, Infant mortality rate,2015,24.83233841
Iraq,IRQ, Infant mortality rate,2017,23.39432681
Iraq,IRQ, Infant mortality rate,2019,22.10182716
Iceland,ISL, Infant mortality rate,2000,3.206577421
Iceland,ISL, Infant mortality rate,2005,2.447168395
Iceland,ISL, Infant mortality rate,2010,2.124723251
Iceland,ISL, Infant mortality rate,2015,2.094643236
Iceland,ISL, Infant mortality rate,2017,2.121224257
Iceland,ISL, Infant mortality rate,2019,2.134301433
Israel,ISR, Infant mortality rate,2000,5.579900492
Israel,ISR, Infant mortality rate,2005,4.484762725
Israel,ISR, Infant mortality rate,2010,3.665441905
Israel,ISR, Infant mortality rate,2015,3.164891831
Israel,ISR, Infant mortality rate,2017,3.01788682
Israel,ISR, Infant mortality rate,2019,2.843629789
Italy,ITA, Infant mortality rate,2000,4.729540446
Italy,ITA, Infant mortality rate,2005,3.790072123
Italy,ITA, Infant mortality rate,2010,3.364558041
Italy,ITA, Infant mortality rate,2015,3.005411037
Italy,ITA, Infant mortality rate,2017,2.830510761
Italy,ITA, Infant mortality rate,2019,2.553688504
Jamaica,JAM, Infant mortality rate,2000,17.8619416
Jamaica,JAM, Infant mortality rate,2005,16.2147074
Jamaica,JAM, Infant mortality rate,2010,14.8453668
Jamaica,JAM, Infant mortality rate,2015,12.91125934
Jamaica,JAM, Infant mortality rate,2017,12.15831375
Jamaica,JAM, Infant mortality rate,2019,11.40460748
Jordan,JOR, Infant mortality rate,2000,22.57731853
Jordan,JOR, Infant mortality rate,2005,19.73737516
Jordan,JOR, Infant mortality rate,2010,17.21311578
Jordan,JOR, Infant mortality rate,2015,15.03391636
Jordan,JOR, Infant mortality rate,2017,14.17595139
Jordan,JOR, Infant mortality rate,2019,13.35758548
Japan,JPN, Infant mortality rate,2000,3.27997375
Japan,JPN, Infant mortality rate,2005,2.754350174
Japan,JPN, Infant mortality rate,2010,2.344530522
Japan,JPN, Infant mortality rate,2015,2.021665591
Japan,JPN, Infant mortality rate,2017,1.929265188
Japan,JPN, Infant mortality rate,2019,1.839659825
Kazakhstan,KAZ, Infant mortality rate,2000,36.78145874
Kazakhstan,KAZ, Infant mortality rate,2005,27.37803261
Kazakhstan,KAZ, Infant mortality rate,2010,18.17729132
Kazakhstan,KAZ, Infant mortality rate,2015,10.56921632
Kazakhstan,KAZ, Infant mortality rate,2017,9.360651704
Kazakhstan,KAZ, Infant mortality rate,2019,9.067441163
Kenya,KEN, Infant mortality rate,2000,59.79732347
Kenya,KEN, Infant mortality rate,2005,47.40129979
Kenya,KEN, Infant mortality rate,2010,38.50904801
Kenya,KEN, Infant mortality rate,2015,33.08453422
Kenya,KEN, Infant mortality rate,2017,31.55997983
Kenya,KEN, Infant mortality rate,2019,29.71081386
Kyrgyzstan,KGZ, Infant mortality rate,2000,42.54560549
Kyrgyzstan,KGZ, Infant mortality rate,2005,34.12445203
Kyrgyzstan,KGZ, Infant mortality rate,2010,26.10754619
Kyrgyzstan,KGZ, Infant mortality rate,2015,19.83852019
Kyrgyzstan,KGZ, Infant mortality rate,2017,17.83165677
Kyrgyzstan,KGZ, Infant mortality rate,2019,16.34579346
Cambodia,KHM, Infant mortality rate,2000,79.20046173
Cambodia,KHM, Infant mortality rate,2005,52.90715444
Cambodia,KHM, Infant mortality rate,2010,37.3890125
Cambodia,KHM, Infant mortality rate,2015,27.2781947
Cambodia,KHM, Infant mortality rate,2017,24.86750347
Cambodia,KHM, Infant mortality rate,2019,23.0269063
Kiribati,KIR, Infant mortality rate,2000,51.5130336
Kiribati,KIR, Infant mortality rate,2005,49.29771628
Kiribati,KIR, Infant mortality rate,2010,49.31624973
Kiribati,KIR, Infant mortality rate,2015,44.6708193
Kiribati,KIR, Infant mortality rate,2017,42.5510606
Kiribati,KIR, Infant mortality rate,2019,40.43907868
South Korea,KOR, Infant mortality rate,2000,6.438540084
South Korea,KOR, Infant mortality rate,2005,4.762470268
South Korea,KOR, Infant mortality rate,2010,3.524943331
South Korea,KOR, Infant mortality rate,2015,3.007280665
South Korea,KOR, Infant mortality rate,2017,2.846359232
South Korea,KOR, Infant mortality rate,2019,2.669708559
Kuwait,KWT, Infant mortality rate,2000,11.00389137
Kuwait,KWT, Infant mortality rate,2005,10.10981366
Kuwait,KWT, Infant mortality rate,2010,9.197337106
Kuwait,KWT, Infant mortality rate,2015,7.791504566
Kuwait,KWT, Infant mortality rate,2017,7.591873881
Kuwait,KWT, Infant mortality rate,2019,7.550213735
Lao People's Democratic Republic,LAO, Infant mortality rate,2000,76.60107502
Lao People's Democratic Republic,LAO, Infant mortality rate,2005,63.57282579
Lao People's Democratic Republic,LAO, Infant mortality rate,2010,51.78259409
Lao People's Democratic Republic,LAO, Infant mortality rate,2015,42.0737786
Lao People's Democratic Republic,LAO, Infant mortality rate,2017,39.0655251
Lao People's Democratic Republic,LAO, Infant mortality rate,2019,36.55689502
Lebanon,LBN, Infant mortality rate,2000,17.17464701
Lebanon,LBN, Infant mortality rate,2005,12.74283188
Lebanon,LBN, Infant mortality rate,2010,9.650332236
Lebanon,LBN, Infant mortality rate,2015,8.082226251
Lebanon,LBN, Infant mortality rate,2017,7.718379967
Lebanon,LBN, Infant mortality rate,2019,7.406108801
Liberia,LBR, Infant mortality rate,2000,127.6336621
Liberia,LBR, Infant mortality rate,2005,90.71464816
Liberia,LBR, Infant mortality rate,2010,71.90270342
Liberia,LBR, Infant mortality rate,2015,64.64085419
Liberia,LBR, Infant mortality rate,2017,62.0825975
Liberia,LBR, Infant mortality rate,2019,59.59499835
Libya,LBY, Infant mortality rate,2000,24.138654
Libya,LBY, Infant mortality rate,2005,19.8445336
Libya,LBY, Infant mortality rate,2010,14.22747159
Libya,LBY, Infant mortality rate,2015,11.38211221
Libya,LBY, Infant mortality rate,2017,10.55662094
Libya,LBY, Infant mortality rate,2019,9.850929519
Saint Lucia,LCA, Infant mortality rate,2000,15.64599944
Saint Lucia,LCA, Infant mortality rate,2005,16.00408209
Saint Lucia,LCA, Infant mortality rate,2010,17.33048567
Saint Lucia,LCA, Infant mortality rate,2015,19.57557202
Saint Lucia,LCA, Infant mortality rate,2017,20.66117071
Saint Lucia,LCA, Infant mortality rate,2019,21.66687356
Sri Lanka,LKA, Infant mortality rate,2000,14.2046141
Sri Lanka,LKA, Infant mortality rate,2005,12.1401198
Sri Lanka,LKA, Infant mortality rate,2010,9.640426964
Sri Lanka,LKA, Infant mortality rate,2015,7.521582546
Sri Lanka,LKA, Infant mortality rate,2017,6.784505465
Sri Lanka,LKA, Infant mortality rate,2019,6.223453056
Lesotho,LSO, Infant mortality rate,2000,68.33273073
Lesotho,LSO, Infant mortality rate,2005,72.30406243
Lesotho,LSO, Infant mortality rate,2010,67.04141097
Lesotho,LSO, Infant mortality rate,2015,63.21012824
Lesotho,LSO, Infant mortality rate,2017,62.03497142
Lesotho,LSO, Infant mortality rate,2019,60.03313709
Lithuania,LTU, Infant mortality rate,2000,8.560822219
Lithuania,LTU, Infant mortality rate,2005,7.233271797
Lithuania,LTU, Infant mortality rate,2010,4.885728905
Lithuania,LTU, Infant mortality rate,2015,3.973145347
Lithuania,LTU, Infant mortality rate,2017,3.599434219
Lithuania,LTU, Infant mortality rate,2019,3.075317037
Luxembourg,LUX, Infant mortality rate,2000,3.752280224
Luxembourg,LUX, Infant mortality rate,2005,2.77500447
Luxembourg,LUX, Infant mortality rate,2010,2.334549285
Luxembourg,LUX, Infant mortality rate,2015,2.273309114
Luxembourg,LUX, Infant mortality rate,2017,2.300404094
Luxembourg,LUX, Infant mortality rate,2019,2.298128584
Latvia,LVA, Infant mortality rate,2000,11.49633819
Latvia,LVA, Infant mortality rate,2005,8.615753157
Latvia,LVA, Infant mortality rate,2010,6.495118904
Latvia,LVA, Infant mortality rate,2015,4.286044806
Latvia,LVA, Infant mortality rate,2017,3.757602398
Latvia,LVA, Infant mortality rate,2019,3.405430818
Morocco,MAR, Infant mortality rate,2000,43.95662193
Morocco,MAR, Infant mortality rate,2005,35.44451053
Morocco,MAR, Infant mortality rate,2010,26.86070721
Morocco,MAR, Infant mortality rate,2015,20.25484657
Morocco,MAR, Infant mortality rate,2017,18.28690085
Morocco,MAR, Infant mortality rate,2019,16.73451253
"Moldova, Republic of",MDA, Infant mortality rate,2000,26.12423242
"Moldova, Republic of",MDA, Infant mortality rate,2005,16.95227318
"Moldova, Republic of",MDA, Infant mortality rate,2010,14.68760119
"Moldova, Republic of",MDA, Infant mortality rate,2015,13.57553534
"Moldova, Republic of",MDA, Infant mortality rate,2017,13.13508745
"Moldova, Republic of",MDA, Infant mortality rate,2019,12.687062
Madagascar,MDG, Infant mortality rate,2000,67.46036856
Madagascar,MDG, Infant mortality rate,2005,55.82963309
Madagascar,MDG, Infant mortality rate,2010,48.01989152
Madagascar,MDG, Infant mortality rate,2015,45.23477096
Madagascar,MDG, Infant mortality rate,2017,45.11454208
Madagascar,MDG, Infant mortality rate,2019,45.28651704
Maldives,MDV, Infant mortality rate,2000,31.78216251
Maldives,MDV, Infant mortality rate,2005,18.30841303
Maldives,MDV, Infant mortality rate,2010,11.92712975
Maldives,MDV, Infant mortality rate,2015,8.376516578
Maldives,MDV, Infant mortality rate,2017,7.107402149
Maldives,MDV, Infant mortality rate,2019,5.959144694
Mexico,MEX, Infant mortality rate,2000,23.69048593
Mexico,MEX, Infant mortality rate,2005,19.45849953
Mexico,MEX, Infant mortality rate,2010,16.41298642
Mexico,MEX, Infant mortality rate,2015,13.94319388
Mexico,MEX, Infant mortality rate,2017,13.05043818
Mexico,MEX, Infant mortality rate,2019,12.19117622
"Macedonia, the former Yugoslav Republic of",MKD, Infant mortality rate,2000,14.27173003
"Macedonia, the former Yugoslav Republic of",MKD, Infant mortality rate,2005,12.2182229
"Macedonia, the former Yugoslav Republic of",MKD, Infant mortality rate,2010,9.170722151
"Macedonia, the former Yugoslav Republic of",MKD, Infant mortality rate,2015,10.00120498
"Macedonia, the former Yugoslav Republic of",MKD, Infant mortality rate,2017,8.459867939
"Macedonia, the former Yugoslav Republic of",MKD, Infant mortality rate,2019,5.959481446
Mali,MLI, Infant mortality rate,2000,101.6532028
Mali,MLI, Infant mortality rate,2005,88.74416117
Mali,MLI, Infant mortality rate,2010,78.40223168
Mali,MLI, Infant mortality rate,2015,70.15159446
Mali,MLI, Infant mortality rate,2017,67.28261168
Mali,MLI, Infant mortality rate,2019,64.44589113
Malta,MLT, Infant mortality rate,2000,6.705169988
Malta,MLT, Infant mortality rate,2005,6.046382661
Malta,MLT, Infant mortality rate,2010,5.979321259
Malta,MLT, Infant mortality rate,2015,5.765582688
Malta,MLT, Infant mortality rate,2017,5.581613948
Malta,MLT, Infant mortality rate,2019,5.348424461
Myanmar,MMR, Infant mortality rate,2000,65.14991933
Myanmar,MMR, Infant mortality rate,2005,57.27474303
Myanmar,MMR, Infant mortality rate,2010,48.63335088
Myanmar,MMR, Infant mortality rate,2015,40.73201185
Myanmar,MMR, Infant mortality rate,2017,38.1465183
Myanmar,MMR, Infant mortality rate,2019,35.83309068
Montenegro,MNE, Infant mortality rate,2000,12.58555257
Montenegro,MNE, Infant mortality rate,2005,9.241627499
Montenegro,MNE, Infant mortality rate,2010,5.817526922
Montenegro,MNE, Infant mortality rate,2015,3.47635931
Montenegro,MNE, Infant mortality rate,2017,2.813362856
Montenegro,MNE, Infant mortality rate,2019,2.279340685
Mongolia,MNG, Infant mortality rate,2000,48.76766869
Mongolia,MNG, Infant mortality rate,2005,33.14839974
Mongolia,MNG, Infant mortality rate,2010,22.14127028
Mongolia,MNG, Infant mortality rate,2015,16.6222313
Mongolia,MNG, Infant mortality rate,2017,15.12070818
Mongolia,MNG, Infant mortality rate,2019,13.79122172
Mozambique,MOZ, Infant mortality rate,2000,112.0187527
Mozambique,MOZ, Infant mortality rate,2005,86.16567552
Mozambique,MOZ, Infant mortality rate,2010,71.14711218
Mozambique,MOZ, Infant mortality rate,2015,60.40918252
Mozambique,MOZ, Infant mortality rate,2017,56.65270703
Mozambique,MOZ, Infant mortality rate,2019,53.5658761
Mauritania,MRT, Infant mortality rate,2000,62.71613043
Mauritania,MRT, Infant mortality rate,2005,49.94920803
Mauritania,MRT, Infant mortality rate,2010,41.59470788
Mauritania,MRT, Infant mortality rate,2015,37.24777301
Mauritania,MRT, Infant mortality rate,2017,35.50869738
Mauritania,MRT, Infant mortality rate,2019,33.84449838
Mauritius,MUS, Infant mortality rate,2000,16.61374987
Mauritius,MUS, Infant mortality rate,2005,13.37670616
Mauritius,MUS, Infant mortality rate,2010,12.54957156
Mauritius,MUS, Infant mortality rate,2015,12.88112741
Mauritius,MUS, Infant mortality rate,2017,13.29262151
Mauritius,MUS, Infant mortality rate,2019,14.4534181
Malawi,MWI, Infant mortality rate,2000,100.0509757
Malawi,MWI, Infant mortality rate,2005,64.93361503
Malawi,MWI, Infant mortality rate,2010,52.02324686
Malawi,MWI, Infant mortality rate,2015,38.63193261
Malawi,MWI, Infant mortality rate,2017,35.48735241
Malawi,MWI, Infant mortality rate,2019,33.04033404
Malaysia,MYS, Infant mortality rate,2000,8.718366265
Malaysia,MYS, Infant mortality rate,2005,7.023357427
Malaysia,MYS, Infant mortality rate,2010,6.964307805
Malaysia,MYS, Infant mortality rate,2015,6.980386011
Malaysia,MYS, Infant mortality rate,2017,6.936892774
Malaysia,MYS, Infant mortality rate,2019,6.741766168
Namibia,NAM, Infant mortality rate,2000,44.90610854
Namibia,NAM, Infant mortality rate,2005,39.01447651
Namibia,NAM, Infant mortality rate,2010,36.94029154
Namibia,NAM, Infant mortality rate,2015,33.26917119
Namibia,NAM, Infant mortality rate,2017,31.96673451
Namibia,NAM, Infant mortality rate,2019,30.73962035
Niger,NER, Infant mortality rate,2000,98.2299242
Niger,NER, Infant mortality rate,2005,79.02628198
Niger,NER, Infant mortality rate,2010,65.8463541
Niger,NER, Infant mortality rate,2015,61.27102417
Niger,NER, Infant mortality rate,2017,60.63802304
Niger,NER, Infant mortality rate,2019,60.16394665
Nigeria,NGA, Infant mortality rate,2000,109.5889313
Nigeria,NGA, Infant mortality rate,2005,95.00188523
Nigeria,NGA, Infant mortality rate,2010,84.42850388
Nigeria,NGA, Infant mortality rate,2015,79.28318542
Nigeria,NGA, Infant mortality rate,2017,77.05169379
Nigeria,NGA, Infant mortality rate,2019,73.9371863
Nicaragua,NIC, Infant mortality rate,2000,31.59614173
Nicaragua,NIC, Infant mortality rate,2005,25.25652809
Nicaragua,NIC, Infant mortality rate,2010,20.40521684
Nicaragua,NIC, Infant mortality rate,2015,16.09031304
Nicaragua,NIC, Infant mortality rate,2017,14.41773042
Nicaragua,NIC, Infant mortality rate,2019,12.82102373
Netherlands,NLD, Infant mortality rate,2000,5.133794973
Netherlands,NLD, Infant mortality rate,2005,4.451787861
Netherlands,NLD, Infant mortality rate,2010,3.742982391
Netherlands,NLD, Infant mortality rate,2015,3.472251649
Netherlands,NLD, Infant mortality rate,2017,3.467061398
Netherlands,NLD, Infant mortality rate,2019,3.488381279
Norway,NOR, Infant mortality rate,2000,3.940003734
Norway,NOR, Infant mortality rate,2005,3.289319982
Norway,NOR, Infant mortality rate,2010,2.659825117
Norway,NOR, Infant mortality rate,2015,2.211701854
Norway,NOR, Infant mortality rate,2017,2.065451602
Norway,NOR, Infant mortality rate,2019,1.916200557
Nepal,NPL, Infant mortality rate,2000,58.67549179
Nepal,NPL, Infant mortality rate,2005,45.89854707
Nepal,NPL, Infant mortality rate,2010,36.60383957
Nepal,NPL, Infant mortality rate,2015,29.18030289
Nepal,NPL, Infant mortality rate,2017,26.60765719
Nepal,NPL, Infant mortality rate,2019,24.50923955
New Zealand,NZL, Infant mortality rate,2000,6.091060176
New Zealand,NZL, Infant mortality rate,2005,5.481541997
New Zealand,NZL, Infant mortality rate,2010,5.162980467
New Zealand,NZL, Infant mortality rate,2015,4.575737224
New Zealand,NZL, Infant mortality rate,2017,4.315558969
New Zealand,NZL, Infant mortality rate,2019,4.107865697
Oman,OMN, Infant mortality rate,2000,14.05447389
Oman,OMN, Infant mortality rate,2005,10.95917146
Oman,OMN, Infant mortality rate,2010,10.08882714
Oman,OMN, Infant mortality rate,2015,9.588494488
Oman,OMN, Infant mortality rate,2017,9.422316554
Oman,OMN, Infant mortality rate,2019,9.098345761
Pakistan,PAK, Infant mortality rate,2000,84.77313921
Pakistan,PAK, Infant mortality rate,2005,76.76307666
Pakistan,PAK, Infant mortality rate,2010,70.19940829
Pakistan,PAK, Infant mortality rate,2015,62.21261231
Pakistan,PAK, Infant mortality rate,2017,58.9871997
Pakistan,PAK, Infant mortality rate,2019,55.85001122
Panama,PAN, Infant mortality rate,2000,21.92782223
Panama,PAN, Infant mortality rate,2005,19.49888927
Panama,PAN, Infant mortality rate,2010,16.94749555
Panama,PAN, Infant mortality rate,2015,14.55266555
Panama,PAN, Infant mortality rate,2017,13.67281235
Panama,PAN, Infant mortality rate,2019,12.77637973
Peru,PER, Infant mortality rate,2000,29.25137925
Peru,PER, Infant mortality rate,2005,20.53305086
Peru,PER, Infant mortality rate,2010,15.48847974
Peru,PER, Infant mortality rate,2015,12.84816307
Peru,PER, Infant mortality rate,2017,12.18352412
Peru,PER, Infant mortality rate,2019,11.57905273
Philippines,PHL, Infant mortality rate,2000,28.70487512
Philippines,PHL, Infant mortality rate,2005,26.45044595
Philippines,PHL, Infant mortality rate,2010,24.81220055
Philippines,PHL, Infant mortality rate,2015,23.44726463
Philippines,PHL, Infant mortality rate,2017,22.69679679
Philippines,PHL, Infant mortality rate,2019,21.63369927
Papua New Guinea,PNG, Infant mortality rate,2000,53.60842385
Papua New Guinea,PNG, Infant mortality rate,2005,49.63964223
Papua New Guinea,PNG, Infant mortality rate,2010,44.97353619
Papua New Guinea,PNG, Infant mortality rate,2015,40.25285934
Papua New Guinea,PNG, Infant mortality rate,2017,38.31414503
Papua New Guinea,PNG, Infant mortality rate,2019,36.35940668
Poland,POL, Infant mortality rate,2000,8.077797406
Poland,POL, Infant mortality rate,2005,6.538858736
Poland,POL, Infant mortality rate,2010,5.145388216
Poland,POL, Infant mortality rate,2015,4.207304296
Poland,POL, Infant mortality rate,2017,4.003357896
Poland,POL, Infant mortality rate,2019,3.794519036
"Korea, Democratic People's Republic of",PRK, Infant mortality rate,2000,44.5
"Korea, Democratic People's Republic of",PRK, Infant mortality rate,2005,26.4
"Korea, Democratic People's Republic of",PRK, Infant mortality rate,2010,23.1
"Korea, Democratic People's Republic of",PRK, Infant mortality rate,2015,16
"Korea, Democratic People's Republic of",PRK, Infant mortality rate,2017,14.4
"Korea, Democratic People's Republic of",PRK, Infant mortality rate,2019,13.1
Portugal,PRT, Infant mortality rate,2000,5.534029203
Portugal,PRT, Infant mortality rate,2005,3.62209676
Portugal,PRT, Infant mortality rate,2010,3.055433243
Portugal,PRT, Infant mortality rate,2015,2.972184147
Portugal,PRT, Infant mortality rate,2017,2.969718074
Portugal,PRT, Infant mortality rate,2019,2.816080204
Paraguay,PRY, Infant mortality rate,2000,27.92333684
Paraguay,PRY, Infant mortality rate,2005,24.97253444
Paraguay,PRY, Infant mortality rate,2010,21.88902743
Paraguay,PRY, Infant mortality rate,2015,18.89254612
Paraguay,PRY, Infant mortality rate,2017,17.71282629
Paraguay,PRY, Infant mortality rate,2019,16.56538755
Qatar,QAT, Infant mortality rate,2000,10.74524907
Qatar,QAT, Infant mortality rate,2005,8.950055356
Qatar,QAT, Infant mortality rate,2010,7.841559676
Qatar,QAT, Infant mortality rate,2015,6.637032323
Qatar,QAT, Infant mortality rate,2017,5.917437704
Qatar,QAT, Infant mortality rate,2019,5.180048082
Romania,ROU, Infant mortality rate,2000,18.01333741
Romania,ROU, Infant mortality rate,2005,15.58382912
Romania,ROU, Infant mortality rate,2010,10.55122231
Romania,ROU, Infant mortality rate,2015,7.71751716
Romania,ROU, Infant mortality rate,2017,6.572456428
Romania,ROU, Infant mortality rate,2019,5.780857634
Russia,RUS, Infant mortality rate,2000,15.54197844
Russia,RUS, Infant mortality rate,2005,11.13077793
Russia,RUS, Infant mortality rate,2010,8.3721338
Russia,RUS, Infant mortality rate,2015,6.635112694
Russia,RUS, Infant mortality rate,2017,5.550626427
Russia,RUS, Infant mortality rate,2019,4.699951392
Rwanda,RWA, Infant mortality rate,2000,109.5681189
Rwanda,RWA, Infant mortality rate,2005,65.64921011
Rwanda,RWA, Infant mortality rate,2010,44.06891304
Rwanda,RWA, Infant mortality rate,2015,34.70952613
Rwanda,RWA, Infant mortality rate,2017,32.90867465
Rwanda,RWA, Infant mortality rate,2019,31.19790854
Saudi Arabia,SAU, Infant mortality rate,2000,18.78283596
Saudi Arabia,SAU, Infant mortality rate,2005,14.1650201
Saudi Arabia,SAU, Infant mortality rate,2010,10.54209893
Saudi Arabia,SAU, Infant mortality rate,2015,7.794176822
Saudi Arabia,SAU, Infant mortality rate,2017,6.943901319
Saudi Arabia,SAU, Infant mortality rate,2019,6.264683279
Sudan,SDN, Infant mortality rate,2000,66.98648127
Sudan,SDN, Infant mortality rate,2005,57.83657758
Sudan,SDN, Infant mortality rate,2010,50.85529764
Sudan,SDN, Infant mortality rate,2015,45.28398505
Sudan,SDN, Infant mortality rate,2017,43.07939221
Sudan,SDN, Infant mortality rate,2019,40.97851674
Senegal,SEN, Infant mortality rate,2000,67.73857514
Senegal,SEN, Infant mortality rate,2005,53.18099227
Senegal,SEN, Infant mortality rate,2010,42.65318708
Senegal,SEN, Infant mortality rate,2015,35.54196134
Senegal,SEN, Infant mortality rate,2017,33.02219621
Senegal,SEN, Infant mortality rate,2019,30.87252609
Singapore,SGP, Infant mortality rate,2000,3.034564848
Singapore,SGP, Infant mortality rate,2005,2.315298689
Singapore,SGP, Infant mortality rate,2010,2.256891
Singapore,SGP, Infant mortality rate,2015,2.219940804
Singapore,SGP, Infant mortality rate,2017,2.161124789
Singapore,SGP, Infant mortality rate,2019,1.971127962
Solomon Islands,SLB, Infant mortality rate,2000,25.59837273
Solomon Islands,SLB, Infant mortality rate,2005,24.42435539
Solomon Islands,SLB, Infant mortality rate,2010,22.22508032
Solomon Islands,SLB, Infant mortality rate,2015,19.36317649
Solomon Islands,SLB, Infant mortality rate,2017,18.21923411
Solomon Islands,SLB, Infant mortality rate,2019,17.11506552
Sierra Leone,SLE, Infant mortality rate,2000,138.6195761
Sierra Leone,SLE, Infant mortality rate,2005,124.5859079
Sierra Leone,SLE, Infant mortality rate,2010,107.5832938
Sierra Leone,SLE, Infant mortality rate,2015,95.52586951
Sierra Leone,SLE, Infant mortality rate,2017,87.58460386
Sierra Leone,SLE, Infant mortality rate,2019,82.78139194
El Salvador,SLV, Infant mortality rate,2000,27.39358532
El Salvador,SLV, Infant mortality rate,2005,21.14050436
El Salvador,SLV, Infant mortality rate,2010,16.53846225
El Salvador,SLV, Infant mortality rate,2015,13.25568851
El Salvador,SLV, Infant mortality rate,2017,12.28652517
El Salvador,SLV, Infant mortality rate,2019,11.46968655
Somalia,SOM, Infant mortality rate,2000,104.5055537
Somalia,SOM, Infant mortality rate,2005,104.4678507
Somalia,SOM, Infant mortality rate,2010,96.28093789
Somalia,SOM, Infant mortality rate,2015,83.74188092
Somalia,SOM, Infant mortality rate,2017,79.10689876
Somalia,SOM, Infant mortality rate,2019,74.93969344
Serbia,SRB, Infant mortality rate,2000,10.90681618
Serbia,SRB, Infant mortality rate,2005,7.796607549
Serbia,SRB, Infant mortality rate,2010,6.565318464
Serbia,SRB, Infant mortality rate,2015,5.457801976
Serbia,SRB, Infant mortality rate,2017,5.114148042
Serbia,SRB, Infant mortality rate,2019,4.907699026
South Sudan,SSD, Infant mortality rate,2000,109.1373025
South Sudan,SSD, Infant mortality rate,2005,86.82477181
South Sudan,SSD, Infant mortality rate,2010,69.64847546
South Sudan,SSD, Infant mortality rate,2015,63.7559998
South Sudan,SSD, Infant mortality rate,2017,63.7559998
South Sudan,SSD, Infant mortality rate,2019,63.7559998
Sao Tome and Principe,STP, Infant mortality rate,2000,54.5386939
Sao Tome and Principe,STP, Infant mortality rate,2005,39.46191578
Sao Tome and Principe,STP, Infant mortality rate,2010,27.82488606
Sao Tome and Principe,STP, Infant mortality rate,2015,18.60405347
Sao Tome and Principe,STP, Infant mortality rate,2017,15.67390972
Sao Tome and Principe,STP, Infant mortality rate,2019,13.57829443
Suriname,SUR, Infant mortality rate,2000,27.54938141
Suriname,SUR, Infant mortality rate,2005,23.64335907
Suriname,SUR, Infant mortality rate,2010,20.72492782
Suriname,SUR, Infant mortality rate,2015,18.28022115
Suriname,SUR, Infant mortality rate,2017,17.305647
Suriname,SUR, Infant mortality rate,2019,16.31592149
Slovakia,SVK, Infant mortality rate,2000,8.184500443
Slovakia,SVK, Infant mortality rate,2005,6.821612431
Slovakia,SVK, Infant mortality rate,2010,5.78362612
Slovakia,SVK, Infant mortality rate,2015,5.148857083
Slovakia,SVK, Infant mortality rate,2017,4.960149962
Slovakia,SVK, Infant mortality rate,2019,4.793097582
Slovenia,SVN, Infant mortality rate,2000,4.550672185
Slovenia,SVN, Infant mortality rate,2005,3.463766199
Slovenia,SVN, Infant mortality rate,2010,2.644124653
Slovenia,SVN, Infant mortality rate,2015,2.115826403
Slovenia,SVN, Infant mortality rate,2017,1.974914808
Slovenia,SVN, Infant mortality rate,2019,1.859941983
Sweden,SWE, Infant mortality rate,2000,3.403048955
Sweden,SWE, Infant mortality rate,2005,2.969259162
Sweden,SWE, Infant mortality rate,2010,2.516499469
Sweden,SWE, Infant mortality rate,2015,2.353371647
Sweden,SWE, Infant mortality rate,2017,2.264508677
Sweden,SWE, Infant mortality rate,2019,2.147770652
Swaziland,SWZ, Infant mortality rate,2000,67.68113439
Swaziland,SWZ, Infant mortality rate,2005,69.95788419
Swaziland,SWZ, Infant mortality rate,2010,58.4421181
Swaziland,SWZ, Infant mortality rate,2015,50.10128658
Swaziland,SWZ, Infant mortality rate,2017,48.9553341
Swaziland,SWZ, Infant mortality rate,2019,43.87697763
Seychelles,SYC, Infant mortality rate,2000,11.93403591
Seychelles,SYC, Infant mortality rate,2005,12.04354661
Seychelles,SYC, Infant mortality rate,2010,12.266401
Seychelles,SYC, Infant mortality rate,2015,12.51016482
Seychelles,SYC, Infant mortality rate,2017,12.55693864
Seychelles,SYC, Infant mortality rate,2019,12.39044924
Syrian Arab Republic,SYR, Infant mortality rate,2000,19.55717237
Syrian Arab Republic,SYR, Infant mortality rate,2005,16.82896299
Syrian Arab Republic,SYR, Infant mortality rate,2010,16.20505074
Syrian Arab Republic,SYR, Infant mortality rate,2015,25.82752699
Syrian Arab Republic,SYR, Infant mortality rate,2017,19.13556718
Syrian Arab Republic,SYR, Infant mortality rate,2019,18.78313067
Chad,TCD, Infant mortality rate,2000,99.85283089
Chad,TCD, Infant mortality rate,2005,92.60698635
Chad,TCD, Infant mortality rate,2010,84.37967892
Chad,TCD, Infant mortality rate,2015,76.09357208
Chad,TCD, Infant mortality rate,2017,72.71765226
Chad,TCD, Infant mortality rate,2019,69.34137384
Togo,TGO, Infant mortality rate,2000,75.72384777
Togo,TGO, Infant mortality rate,2005,66.31520255
Togo,TGO, Infant mortality rate,2010,58.32296407
Togo,TGO, Infant mortality rate,2015,50.88664568
Togo,TGO, Infant mortality rate,2017,48.16002151
Togo,TGO, Infant mortality rate,2019,45.61703505
Thailand,THA, Infant mortality rate,2000,18.69649222
Thailand,THA, Infant mortality rate,2005,14.74884521
Thailand,THA, Infant mortality rate,2010,11.67114898
Thailand,THA, Infant mortality rate,2015,9.265932707
Thailand,THA, Infant mortality rate,2017,8.444763514
Thailand,THA, Infant mortality rate,2019,7.718708238
Tajikistan,TJK, Infant mortality rate,2000,67.63644367
Tajikistan,TJK, Infant mortality rate,2005,47.17837535
Tajikistan,TJK, Infant mortality rate,2010,37.03295468
Tajikistan,TJK, Infant mortality rate,2015,32.58906375
Tajikistan,TJK, Infant mortality rate,2017,31.04394354
Tajikistan,TJK, Infant mortality rate,2019,29.36469641
Turkmenistan,TKM, Infant mortality rate,2000,57.56208523
Turkmenistan,TKM, Infant mortality rate,2005,44.39219691
Turkmenistan,TKM, Infant mortality rate,2010,37.27867416
Turkmenistan,TKM, Infant mortality rate,2015,36.64833108
Turkmenistan,TKM, Infant mortality rate,2017,37.21929943
Turkmenistan,TKM, Infant mortality rate,2019,36.93604496
Timor-Leste,TLS, Infant mortality rate,2000,87.03311293
Timor-Leste,TLS, Infant mortality rate,2005,70.45410066
Timor-Leste,TLS, Infant mortality rate,2010,58.7376327
Timor-Leste,TLS, Infant mortality rate,2015,51.46348706
Timor-Leste,TLS, Infant mortality rate,2017,48.56994803
Timor-Leste,TLS, Infant mortality rate,2019,45.67915231
Tonga,TON, Infant mortality rate,2000,14.5827436
Tonga,TON, Infant mortality rate,2005,12.69791415
Tonga,TON, Infant mortality rate,2010,11.34675643
Tonga,TON, Infant mortality rate,2015,10.6471511
Tonga,TON, Infant mortality rate,2017,10.41093279
Tonga,TON, Infant mortality rate,2019,10.05986835
Trinidad and Tobago,TTO, Infant mortality rate,2000,24.88308418
Trinidad and Tobago,TTO, Infant mortality rate,2005,23.24067549
Trinidad and Tobago,TTO, Infant mortality rate,2010,20.37971228
Trinidad and Tobago,TTO, Infant mortality rate,2015,17.54670345
Trinidad and Tobago,TTO, Infant mortality rate,2017,16.49385361
Trinidad and Tobago,TTO, Infant mortality rate,2019,15.54513272
Tunisia,TUN, Infant mortality rate,2000,24.98810576
Tunisia,TUN, Infant mortality rate,2005,18.80102774
Tunisia,TUN, Infant mortality rate,2010,15.76169281
Tunisia,TUN, Infant mortality rate,2015,14.75740922
Tunisia,TUN, Infant mortality rate,2017,14.66142196
Tunisia,TUN, Infant mortality rate,2019,14.49471342
Turkey,TUR, Infant mortality rate,2000,30.89280818
Turkey,TUR, Infant mortality rate,2005,22.00437132
Turkey,TUR, Infant mortality rate,2010,15.53654028
Turkey,TUR, Infant mortality rate,2015,11.14757092
Turkey,TUR, Infant mortality rate,2017,9.804835784
Turkey,TUR, Infant mortality rate,2019,8.63279704
"Tanzania, United Republic of",TZA, Infant mortality rate,2000,78.59368452
"Tanzania, United Republic of",TZA, Infant mortality rate,2005,58.62438394
"Tanzania, United Republic of",TZA, Infant mortality rate,2010,47.13979332
"Tanzania, United Republic of",TZA, Infant mortality rate,2015,40.98125821
"Tanzania, United Republic of",TZA, Infant mortality rate,2017,38.22332733
"Tanzania, United Republic of",TZA, Infant mortality rate,2019,35.91482813
Uganda,UGA, Infant mortality rate,2000,87.18867044
Uganda,UGA, Infant mortality rate,2005,65.8782179
Uganda,UGA, Infant mortality rate,2010,49.67484791
Uganda,UGA, Infant mortality rate,2015,39.2943595
Uganda,UGA, Infant mortality rate,2017,35.95462088
Uganda,UGA, Infant mortality rate,2019,33.18178717
Ukraine,UKR, Infant mortality rate,2000,15.64405073
Ukraine,UKR, Infant mortality rate,2005,12.48513624
Ukraine,UKR, Infant mortality rate,2010,10.07843155
Ukraine,UKR, Infant mortality rate,2015,8.095735184
Ukraine,UKR, Infant mortality rate,2017,7.618268274
Ukraine,UKR, Infant mortality rate,2019,7.276549989
Uruguay,URY, Infant mortality rate,2000,14.85516748
Uruguay,URY, Infant mortality rate,2005,12.53005348
Uruguay,URY, Infant mortality rate,2010,9.319729936
Uruguay,URY, Infant mortality rate,2015,7.674537809
Uruguay,URY, Infant mortality rate,2017,6.793372953
Uruguay,URY, Infant mortality rate,2019,5.839418333
United States,USA, Infant mortality rate,2000,7.115466313
United States,USA, Infant mortality rate,2005,6.744985841
United States,USA, Infant mortality rate,2010,6.246573627
United States,USA, Infant mortality rate,2015,5.805576276
United States,USA, Infant mortality rate,2017,5.667258906
United States,USA, Infant mortality rate,2019,5.520113221
Uzbekistan,UZB, Infant mortality rate,2000,50.66763005
Uzbekistan,UZB, Infant mortality rate,2005,36.8589379
Uzbekistan,UZB, Infant mortality rate,2010,24.80738114
Uzbekistan,UZB, Infant mortality rate,2015,17.14118314
Uzbekistan,UZB, Infant mortality rate,2017,15.20681503
Uzbekistan,UZB, Infant mortality rate,2019,13.78472606
Saint Vincent & the Grenadines,VCT, Infant mortality rate,2000,19.27217321
Saint Vincent & the Grenadines,VCT, Infant mortality rate,2005,18.96210137
Saint Vincent & the Grenadines,VCT, Infant mortality rate,2010,17.76985841
Saint Vincent & the Grenadines,VCT, Infant mortality rate,2015,15.27877388
Saint Vincent & the Grenadines,VCT, Infant mortality rate,2017,14.30292489
Saint Vincent & the Grenadines,VCT, Infant mortality rate,2019,13.39211651
Venezuela,VEN, Infant mortality rate,2000,18.33905075
Venezuela,VEN, Infant mortality rate,2005,15.8528889
Venezuela,VEN, Infant mortality rate,2010,14.67438302
Venezuela,VEN, Infant mortality rate,2015,16.45512681
Venezuela,VEN, Infant mortality rate,2017,21.06344665
Venezuela,VEN, Infant mortality rate,2019,21.06303339
Vietnam,VNM, Infant mortality rate,2000,23.60157407
Vietnam,VNM, Infant mortality rate,2005,20.00441309
Vietnam,VNM, Infant mortality rate,2010,18.42012002
Vietnam,VNM, Infant mortality rate,2015,17.48284888
Vietnam,VNM, Infant mortality rate,2017,17.13186969
Vietnam,VNM, Infant mortality rate,2019,16.80907525
Vanuatu,VUT, Infant mortality rate,2000,24.12365779
Vanuatu,VUT, Infant mortality rate,2005,23.6579051
Vanuatu,VUT, Infant mortality rate,2010,23.96878974
Vanuatu,VUT, Infant mortality rate,2015,22.9254501
Vanuatu,VUT, Infant mortality rate,2017,21.93744942
Vanuatu,VUT, Infant mortality rate,2019,20.86775429
Samoa,WSM, Infant mortality rate,2000,18.13491586
Samoa,WSM, Infant mortality rate,2005,16.50740244
Samoa,WSM, Infant mortality rate,2010,16.57801397
Samoa,WSM, Infant mortality rate,2015,15.93285364
Samoa,WSM, Infant mortality rate,2017,15.60541567
Samoa,WSM, Infant mortality rate,2019,15.0493496
Yemen,YEM, Infant mortality rate,2000,68.8403711
Yemen,YEM, Infant mortality rate,2005,54.86801691
Yemen,YEM, Infant mortality rate,2010,45.60214532
Yemen,YEM, Infant mortality rate,2015,46.21256604
Yemen,YEM, Infant mortality rate,2017,46.00531706
Yemen,YEM, Infant mortality rate,2019,46.50844239
South Africa,ZAF, Infant mortality rate,2000,48.88360291
South Africa,ZAF, Infant mortality rate,2005,50.11421711
South Africa,ZAF, Infant mortality rate,2010,35.675915
South Africa,ZAF, Infant mortality rate,2015,29.40487468
South Africa,ZAF, Infant mortality rate,2017,28.3081079
South Africa,ZAF, Infant mortality rate,2019,27.29818044
Zambia,ZMB, Infant mortality rate,2000,90.44265766
Zambia,ZMB, Infant mortality rate,2005,62.39185165
Zambia,ZMB, Infant mortality rate,2010,51.29014391
Zambia,ZMB, Infant mortality rate,2015,47.22146196
Zambia,ZMB, Infant mortality rate,2017,44.1543164
Zambia,ZMB, Infant mortality rate,2019,42.40643147
Zimbabwe,ZWE, Infant mortality rate,2000,52.22788052
Zimbabwe,ZWE, Infant mortality rate,2005,53.93259852
Zimbabwe,ZWE, Infant mortality rate,2010,52.87709222
Zimbabwe,ZWE, Infant mortality rate,2015,42.1072933
Zimbabwe,ZWE, Infant mortality rate,2017,39.45771595
Zimbabwe,ZWE, Infant mortality rate,2019,37.09198934
